{"energy": 1, "gold": 202, "last_energy_update": 1729735201.1333427, "timestamps": [1729735186.906237, 1729735188.4413133, 1729735190.517277, 1729735195.833404, 1729735196.1772692, 1729735196.5032887, 1729735196.6600022, 1729735196.9341805, 1729735198.8392577, 1729735201.13435]}